source,latest_timestamp
AEDataSource,2000-01-03T23:59:00
CMEDataSource,
CMELASCODataSource,2000-01-03T22:30:05
DstDataSource,
FlaresDataSource,
IMFACEDataSource,2000-01-03T23:59:59
IMFDiscovrDataSource,
KpIndexDataSource,2000-01-03T21:00:00
RadioFluxDataSource,
SWCompDataSource,
SolarFlareDonkiDataSource,
SolarWindDataSource,
SunspotNumberDataSource,2000-01-03T00:00:00
SuperMAGDataSource,2000-01-03T23:59:00
XRayFluxGOESArchiveDataSource,2000-01-03T23:59:00
XRayFluxGOESDataSource,
